race,course,cameras,drivingCameras,vehicleViews,raceHuds,speedLines,prefListeners,lights,managedMB,meshes,materials,textures,audioClips,gameObjects,terrainData,scriptableObjects,unityAllocatedMB,unityReservedMB,monoHeapMB,gfxDriverMB,physicsBodies,SystemUsedMemory,ProfilerUsedMemory,AudioUsedMemory,VideoUsedMemory,GfxUsedMemory,TextureMemory,MeshMemory,MaterialMemory,ObjectCount,AssetCount,SceneObjectCount,MaterialCount,frameMsMean,frameMsP99,raceFinished,playerResets,playerCheckpoints,playerFinishS
1,C01,1,0,0,0,0,0,1,3.8,204,103,124,0,239,1,97,209,568,83,121,0,521.2,1.6,1.4,0.0,120.6,112.6,12.2,0.4,4197,2741,1456,103,0,0,False,0,0,-1
2,C08,1,0,0,0,0,0,1,4.4,204,103,124,0,239,1,97,211,568,83,121,0,531.9,1.7,1.4,0.0,120.6,112.6,12.2,0.4,4197,2741,1456,103,0,0,False,0,0,-1
3,C12,1,0,0,0,0,0,1,4.4,204,103,124,0,239,1,97,211,570,83,121,0,542.0,1.7,1.4,0.0,120.6,112.6,12.2,0.4,4197,2741,1456,103,0,0,False,0,0,-1
4,C03,1,0,0,0,0,0,1,4.4,204,103,124,0,239,1,97,212,570,83,121,0,547.0,1.7,1.4,0.0,120.6,112.6,12.2,0.4,4197,2741,1456,103,0,0,False,0,0,-1
5,C01,1,0,0,0,0,0,1,4.4,204,103,124,0,239,1,97,212,570,83,121,0,553.3,1.7,1.4,0.0,120.6,112.6,12.2,0.4,4197,2741,1456,103,0,0,False,0,0,-1
6,C08,1,0,0,0,0,0,1,4.4,204,103,124,0,239,1,97,212,570,83,121,0,557.2,1.7,1.4,0.0,120.6,112.6,12.2,0.4,4197,2741,1456,103,0,0,False,0,0,-1
7,C12,1,0,0,0,0,0,1,4.4,204,103,124,0,239,1,97,212,570,83,121,0,556.5,1.7,1.4,0.0,120.6,112.6,12.2,0.4,4197,2741,1456,103,0,0,False,0,0,-1
8,C03,1,0,0,0,0,0,1,4.4,204,103,124,0,239,1,97,212,570,83,121,0,551.3,1.7,1.4,0.0,120.6,112.6,12.2,0.4,4197,2741,1456,103,0,0,False,0,0,-1
9,C01,1,0,0,0,0,0,1,4.4,204,103,124,0,239,1,97,212,570,83,121,0,552.6,1.7,1.4,0.0,120.6,112.6,12.2,0.4,4197,2741,1456,103,0,0,False,0,0,-1
10,C08,1,0,0,0,0,0,1,4.4,204,103,124,0,239,1,97,212,570,83,121,0,554.6,1.7,1.4,0.0,120.6,112.6,12.2,0.4,4197,2741,1456,103,0,0,False,0,0,-1
11,C12,1,0,0,0,0,0,1,4.4,204,103,124,0,239,1,97,212,570,83,121,0,555.0,1.7,1.4,0.0,120.6,112.6,12.2,0.4,4197,2741,1456,103,0,0,False,0,0,-1
12,C03,1,0,0,0,0,0,1,4.4,204,103,124,0,239,1,97,212,570,83,121,0,552.9,1.7,1.4,0.0,120.6,112.6,12.2,0.4,4197,2741,1456,103,0,0,False,0,0,-1
13,C01,1,0,0,0,0,0,1,4.4,204,103,124,0,239,1,97,212,570,83,121,0,554.7,1.7,1.4,0.0,120.6,112.6,12.2,0.4,4197,2741,1456,103,0,0,False,0,0,-1
14,C08,1,0,0,0,0,0,1,4.4,204,103,124,0,239,1,97,212,570,83,121,0,557.8,1.7,1.4,0.0,120.6,112.6,12.2,0.4,4197,2741,1456,103,0,0,False,0,0,-1
15,C12,1,0,0,0,0,0,1,4.4,204,103,124,0,239,1,97,212,570,83,121,0,559.0,1.7,1.4,0.0,120.6,112.6,12.2,0.4,4197,2741,1456,103,0,0,False,0,0,-1
16,C03,1,0,0,0,0,0,1,4.4,204,103,124,0,239,1,97,212,570,83,121,0,554.7,1.7,1.4,0.0,120.6,112.6,12.2,0.4,4197,2741,1456,103,0,0,False,0,0,-1
