car,course,where,view,cam_x,cam_y,cam_z,fov,near,road_kmh,driven_m,drift_framing,collision_m,speed_lines,lines_peripheral,cockpit_visible,wheel_deg,luma_mean,luma_sd,dark_fraction,fps,blown_fraction
V01,T00,yard,ChaseClose,1.60,1.80,-5.95,58.0,0.08,15,0.0,0.00,6.03,0.00,True,False,0,-1.0,-1.0,-1.000,0,-1.000
V01,T00,yard,ChaseFar,9.98,2.92,-4.71,58.0,0.08,24,0.0,0.00,10.68,0.00,True,False,0,-1.0,-1.0,-1.000,0,-1.000
V01,T00,yard,Hood,0.02,0.74,0.81,58.0,0.05,23,0.0,0.00,10.68,0.00,True,False,0,-1.0,-1.0,-1.000,0,-1.000
V01,T00,yard,Bumper,0.00,-0.01,2.01,58.0,0.05,22,0.0,0.00,10.68,0.00,True,False,0,-1.0,-1.0,-1.000,0,-1.000
V01,T00,yard,Cockpit,0.33,0.76,-0.50,62.0,0.03,25,0.0,0.00,10.68,0.00,True,True,124,-1.0,-1.0,-1.000,0,-1.000
V01,C01,race,ChaseClose,-0.32,1.77,-7.18,58.1,0.08,77,48.3,0.00,6.00,0.00,True,False,0,155.2,63.8,0.000,542,0.001
V01,C01,race,ChaseFar,0.30,2.97,-13.24,58.7,0.08,109,79.7,0.00,10.80,0.01,True,False,0,154.8,58.2,0.000,541,0.000
V01,C01,race,Hood,-0.01,0.74,0.82,59.2,0.05,132,101.9,0.00,10.80,0.07,True,False,0,165.5,53.4,0.000,517,0.000
V01,C01,race,Bumper,0.00,-0.01,2.01,59.5,0.05,144,115.9,0.00,10.80,0.10,True,False,0,149.7,61.1,0.000,478,0.000
V01,C01,race,Cockpit,0.29,0.77,-0.49,63.6,0.03,149,122.9,0.00,10.80,0.11,True,True,8,82.9,59.6,0.009,440,0.000
V02,C05,race,ChaseClose,0.00,1.96,-6.96,58.2,0.08,83,53.5,0.00,5.76,0.00,True,False,0,64.8,32.1,0.000,579,0.001
V02,C05,race,ChaseFar,-0.26,3.29,-12.71,58.8,0.08,110,82.1,0.00,10.33,0.02,True,False,0,60.6,30.4,0.000,541,0.000
V02,C05,race,Hood,0.00,0.77,0.77,59.1,0.05,126,99.8,0.00,10.33,0.05,True,False,0,71.3,42.2,0.000,468,0.000
V02,C05,race,Bumper,0.00,-0.02,1.95,59.4,0.05,139,110.8,0.00,10.33,0.09,True,False,0,74.8,37.2,0.000,471,0.000
V02,C05,race,Cockpit,0.32,0.81,-0.91,63.7,0.03,155,124.0,0.00,10.33,0.12,True,True,-3,49.8,27.6,0.037,477,0.000
V03,C08,race,ChaseClose,-0.01,1.95,-7.59,58.3,0.08,90,60.8,0.00,6.24,0.00,True,False,0,67.7,29.8,0.000,551,0.001
V03,C08,race,ChaseFar,0.65,3.27,-13.68,58.9,0.08,116,87.6,0.00,11.15,0.03,True,False,0,65.0,29.0,0.000,527,0.000
V03,C08,race,Hood,0.00,0.77,0.82,59.2,0.05,132,103.5,0.00,11.15,0.07,True,False,0,76.4,35.2,0.000,506,0.000
V03,C08,race,Bumper,0.00,-0.02,1.99,59.5,0.05,146,117.2,0.00,11.15,0.10,True,False,0,75.8,33.7,0.000,475,0.000
V03,C08,race,Cockpit,0.29,0.82,-0.61,62.9,0.03,115,106.7,0.00,11.15,0.03,True,True,10,48.5,28.0,0.062,450,0.000
V04,C12,race,ChaseClose,0.13,1.67,-7.03,58.2,0.08,84,52.3,0.00,5.75,0.00,True,False,0,65.0,30.0,0.002,486,0.000
V04,C12,race,ChaseFar,0.31,2.80,-13.04,58.9,0.08,120,86.1,0.00,10.32,0.04,True,False,0,62.4,29.1,0.000,481,0.000
V04,C12,race,Hood,0.01,0.71,0.29,59.4,0.05,141,110.6,0.00,10.32,0.09,True,False,0,89.8,48.6,0.000,436,0.000
V04,C12,race,Bumper,0.00,-0.02,2.00,59.8,0.05,159,125.4,0.00,10.32,0.13,True,False,0,83.3,35.1,0.000,459,0.000
V04,C12,race,Cockpit,0.31,0.83,-0.99,64.2,0.03,178,142.3,0.00,10.32,0.18,True,True,4,61.9,32.8,0.030,472,0.000
V05,C03,race,ChaseClose,0.01,1.77,-7.64,58.1,0.08,81,51.1,0.00,6.41,0.00,True,False,0,102.6,47.1,0.000,544,0.001
V05,C03,race,ChaseFar,0.10,3.11,-14.15,58.9,0.08,118,84.1,0.00,11.50,0.03,True,False,0,99.9,48.1,0.000,532,0.000
V05,C03,race,Hood,0.01,0.77,0.28,59.3,0.05,139,107.6,0.00,11.50,0.08,True,False,0,131.3,41.3,0.000,524,0.000
V05,C03,race,Bumper,0.00,-0.02,2.21,59.8,0.05,159,125.1,0.00,11.50,0.13,True,False,0,118.7,40.4,0.000,513,0.000
V05,C03,race,Cockpit,0.31,0.78,-0.98,63.6,0.03,143,132.4,0.00,11.50,0.11,True,True,-3,56.6,44.2,0.095,463,0.000
V06,C14,race,ChaseClose,0.01,1.90,-7.28,58.3,0.08,92,57.6,0.00,5.90,0.00,True,False,0,62.2,31.3,0.000,576,0.001
V06,C14,race,ChaseFar,0.00,3.23,-13.31,59.0,0.08,125,91.4,0.00,10.54,0.05,True,False,0,58.5,30.3,0.000,575,0.000
V06,C14,race,Hood,0.00,0.79,0.79,59.5,0.05,147,114.7,0.00,10.54,0.10,True,False,0,72.4,40.2,0.000,514,0.000
V06,C14,race,Bumper,0.00,-0.02,1.98,59.9,0.05,165,130.9,0.00,10.54,0.14,True,False,0,78.2,41.1,0.000,487,0.000
V06,C14,race,Cockpit,0.30,0.84,-0.81,63.3,0.03,127,131.0,0.00,10.54,0.08,True,True,-11,46.7,28.5,0.055,497,0.000
V07,C01,race,ChaseClose,-0.34,1.90,-8.24,58.5,0.08,102,69.3,0.00,6.67,0.00,True,False,0,155.8,62.1,0.000,528,0.001
V07,C01,race,ChaseFar,-1.03,3.01,-14.82,59.1,0.08,130,98.7,0.00,11.87,0.06,True,False,0,154.0,58.6,0.000,490,0.000
V07,C01,race,Hood,-0.02,0.77,0.83,59.4,0.05,143,115.9,0.00,11.87,0.09,True,False,0,164.3,54.3,0.000,501,0.000
V07,C01,race,Bumper,0.00,-0.04,2.16,59.6,0.05,151,124.5,0.00,11.87,0.11,True,False,0,151.0,63.6,0.000,498,0.000
V07,C01,race,Cockpit,0.33,0.85,-1.03,63.7,0.03,158,128.8,0.00,11.87,0.13,True,True,-3,75.1,49.7,0.010,451,0.000
V08,C05,race,ChaseClose,-0.06,2.02,-8.03,58.8,0.08,114,77.7,0.00,6.30,0.02,True,False,0,63.4,31.9,0.000,489,0.001
V08,C05,race,ChaseFar,-0.62,3.85,-14.36,59.5,0.08,146,110.8,0.00,11.25,0.10,True,False,0,59.8,29.8,0.000,501,0.000
V08,C05,race,Hood,0.00,0.80,0.81,59.9,0.05,164,129.4,0.00,11.25,0.14,True,False,0,70.5,36.4,0.000,456,0.000
V08,C05,race,Bumper,0.00,-0.02,2.08,60.3,0.05,186,146.4,0.00,11.25,0.19,True,False,0,73.7,36.7,0.000,473,0.000
V08,C05,race,Cockpit,0.32,0.84,-0.65,63.9,0.03,163,143.2,0.00,11.25,0.14,True,True,-1,48.9,28.7,0.047,469,0.000
V09,C08,race,ChaseClose,0.19,1.85,-7.91,58.1,0.08,83,51.9,0.00,6.67,0.00,True,False,0,68.5,29.6,0.000,593,0.001
V09,C08,race,ChaseFar,0.48,3.22,-14.55,58.9,0.08,119,86.5,0.00,11.91,0.04,True,False,0,65.3,29.2,0.000,535,0.000
V09,C08,race,Hood,0.01,0.76,0.11,59.5,0.05,145,110.7,0.00,11.91,0.10,True,False,0,92.1,51.6,0.000,483,0.000
V09,C08,race,Bumper,0.00,-0.03,2.31,59.8,0.05,154,127.6,0.00,11.91,0.13,True,False,0,79.6,35.8,0.000,494,0.000
V09,C08,race,Cockpit,0.31,0.77,-1.25,63.0,0.03,121,108.8,0.00,11.91,0.04,True,True,14,45.2,32.6,0.089,463,0.000
V10,C12,race,ChaseClose,0.02,1.69,-7.61,58.4,0.08,95,58.3,0.00,6.16,0.00,True,False,0,64.7,29.6,0.000,456,0.000
V10,C12,race,ChaseFar,0.51,2.95,-14.14,59.3,0.08,138,98.0,0.00,11.01,0.08,True,False,0,61.9,29.0,0.000,470,0.000
V10,C12,race,Hood,0.01,0.75,0.71,59.9,0.05,164,128.0,0.00,11.01,0.14,True,False,0,85.7,45.8,0.000,451,0.000
V10,C12,race,Bumper,0.00,-0.02,2.19,60.4,0.05,191,148.6,0.00,11.01,0.20,True,False,0,82.8,35.3,0.000,438,0.000
V10,C12,race,Cockpit,0.29,0.72,-0.55,64.5,0.03,189,167.0,0.00,11.01,0.21,True,True,-72,40.2,31.5,0.098,385,0.000
V11,C03,race,ChaseClose,0.05,1.67,-7.51,58.7,0.08,108,68.3,0.00,5.85,0.01,True,False,0,103.4,46.4,0.000,570,0.001
V11,C03,race,ChaseFar,0.34,3.04,-13.88,59.5,0.08,148,107.8,0.00,10.53,0.10,True,False,0,100.7,48.0,0.000,466,0.000
V11,C03,race,Hood,0.01,0.75,1.60,60.0,0.05,170,132.8,0.00,10.53,0.15,True,False,0,114.6,40.6,0.000,452,0.000
V11,C03,race,Bumper,0.00,0.00,2.26,59.9,0.05,160,145.2,0.00,10.53,0.15,True,False,0,116.6,39.2,0.000,521,0.000
V11,C03,race,Cockpit,0.33,0.68,0.39,62.6,0.03,95,109.5,0.00,10.53,0.01,True,True,4,55.3,44.0,0.117,508,0.000
V12,C14,race,ChaseClose,0.01,1.94,-8.51,58.8,0.08,117,79.1,0.00,6.71,0.03,True,False,0,62.0,31.7,0.000,553,0.001
V12,C14,race,ChaseFar,0.00,3.26,-15.41,59.6,0.08,150,113.3,0.00,11.97,0.11,True,False,0,58.4,30.5,0.000,514,0.000
V12,C14,race,Hood,0.00,0.81,0.80,60.1,0.05,173,135.6,0.00,11.97,0.16,True,False,0,77.4,46.8,0.000,531,0.000
V12,C14,race,Bumper,0.00,-0.01,2.17,59.9,0.05,156,147.0,0.00,11.97,0.15,True,False,0,72.1,38.2,0.000,495,0.000
V12,C14,race,Cockpit,0.33,0.83,-0.65,63.4,0.03,139,114.3,0.00,11.97,0.08,True,True,1,47.3,29.1,0.054,464,0.000
V13,C01,race,ChaseClose,-0.46,1.72,-7.73,58.4,0.08,96,58.9,0.00,6.28,0.00,True,False,0,155.9,62.0,0.000,564,0.001
V13,C01,race,ChaseFar,-0.57,2.87,-14.45,59.3,0.08,141,99.5,0.00,11.22,0.08,True,False,0,155.3,58.0,0.000,504,0.001
V13,C01,race,Hood,-0.02,0.76,0.64,59.6,0.05,152,127.3,0.00,11.22,0.12,True,False,0,169.4,51.1,0.000,467,0.000
V13,C01,race,Bumper,0.00,-0.04,2.19,59.8,0.05,161,133.1,0.00,11.22,0.13,True,False,0,150.0,64.5,0.000,489,0.000
V13,C01,race,Cockpit,0.34,0.73,-0.74,64.0,0.03,171,136.5,0.00,11.22,0.15,True,True,9,81.6,62.5,0.011,469,0.000
V14,C05,race,ChaseClose,0.08,1.99,-7.96,58.6,0.08,106,64.7,0.00,6.38,0.00,True,False,0,63.6,30.6,0.000,523,0.000
V14,C05,race,ChaseFar,-0.55,3.29,-14.65,59.5,0.08,146,105.2,0.00,11.37,0.09,True,False,0,60.7,29.8,0.000,457,0.000
V14,C05,race,Hood,0.00,0.84,0.71,59.9,0.05,167,131.3,0.00,11.37,0.15,True,False,0,70.6,38.3,0.000,486,0.000
V14,C05,race,Bumper,0.00,-0.03,2.00,60.4,0.05,192,150.5,0.00,11.37,0.20,True,False,0,73.4,36.7,0.000,472,0.000
V14,C05,race,Cockpit,0.34,0.80,-0.65,63.9,0.03,166,149.4,0.00,11.37,0.15,True,True,-5,45.2,29.0,0.082,433,0.000
V15,C08,race,ChaseClose,0.03,1.83,-7.46,58.3,0.08,93,57.4,0.00,6.06,0.00,True,False,0,68.0,29.1,0.000,597,0.001
V15,C08,race,ChaseFar,0.78,3.19,-13.94,59.3,0.08,139,97.7,0.00,10.85,0.08,True,False,0,65.2,28.6,0.000,530,0.000
V15,C08,race,Hood,0.01,0.78,0.66,59.8,0.05,163,124.5,0.00,10.85,0.14,True,False,0,83.6,46.5,0.000,471,0.000
V15,C08,race,Bumper,0.00,-0.02,2.10,59.5,0.05,136,135.4,0.00,10.85,0.10,True,False,0,83.4,43.4,0.000,479,0.004
V15,C08,race,Cockpit,0.31,0.74,-0.64,63.2,0.03,133,107.1,0.00,10.85,0.07,True,True,4,42.9,30.6,0.103,490,0.000
V16,C12,race,ChaseClose,0.09,1.46,-8.27,58.9,0.08,121,75.9,0.00,6.34,0.03,True,False,0,65.1,30.3,0.000,469,0.000
V16,C12,race,ChaseFar,1.05,2.90,-15.06,59.8,0.08,163,122.5,0.00,11.34,0.14,True,False,0,63.5,29.1,0.000,419,0.000
V16,C12,race,Hood,0.00,0.72,1.92,60.4,0.05,192,149.1,0.00,11.34,0.20,True,False,0,75.6,31.4,0.000,483,0.000
V16,C12,race,Bumper,0.00,-0.03,2.56,61.0,0.05,220,175.1,0.00,11.34,0.28,True,False,0,85.4,43.9,0.000,479,0.010
V16,C12,race,Cockpit,0.34,0.68,0.53,64.7,0.03,205,169.6,0.00,11.34,0.23,True,True,4,41.9,30.7,0.112,417,0.000
V17,C03,race,ChaseClose,0.16,1.86,-8.81,59.2,0.08,134,88.0,0.00,6.73,0.06,True,False,0,103.1,46.6,0.000,527,0.001
V17,C03,race,ChaseFar,0.82,3.19,-15.75,59.9,0.08,165,126.1,0.00,11.97,0.14,True,False,0,101.5,48.2,0.000,517,0.000
V17,C03,race,Hood,-0.01,0.79,0.74,60.4,0.05,190,151.0,0.00,11.97,0.20,True,False,0,128.6,41.9,0.000,490,0.000
V17,C03,race,Bumper,0.00,-0.02,2.27,59.5,0.05,136,139.3,0.00,11.97,0.10,True,False,0,113.7,40.9,0.000,492,0.000
V17,C03,race,Cockpit,0.37,0.79,-0.89,62.5,0.03,93,89.8,0.00,11.97,0.00,True,True,-31,58.1,40.1,0.067,529,0.000
V18,C14,race,ChaseClose,0.01,1.77,-7.91,58.5,0.08,105,63.7,0.00,6.31,0.00,True,False,0,62.8,31.2,0.000,584,0.001
V18,C14,race,ChaseFar,0.00,3.11,-14.71,59.5,0.08,152,107.3,0.00,11.26,0.11,True,False,0,58.9,30.4,0.000,501,0.000
V18,C14,race,Hood,0.00,0.78,0.64,60.2,0.05,182,140.9,0.00,11.26,0.18,True,False,0,82.8,52.5,0.000,507,0.000
V18,C14,race,Bumper,0.00,-0.02,2.27,60.1,0.05,168,156.4,0.00,11.26,0.17,True,False,0,74.5,39.9,0.000,528,0.000
V18,C14,race,Cockpit,0.34,0.73,-0.60,63.5,0.03,146,120.8,0.00,11.26,0.10,True,True,1,40.0,31.5,0.112,458,0.000
V01,C08,tunnel@3077m,ChaseClose,-0.07,1.78,-8.37,59.6,0.08,149,0.0,0.00,6.02,0.11,True,False,0,51.0,28.8,0.000,0,0.001
V01,C08,tunnel@3114m,ChaseFar,-0.10,2.72,-12.94,59.6,0.08,151,0.0,0.00,9.59,0.11,True,False,0,48.6,29.4,0.000,0,0.001
V01,C08,tunnel@3152m,Hood,0.00,0.74,0.82,59.7,0.05,155,0.0,0.00,9.59,0.12,True,False,0,65.6,46.3,0.000,0,0.000
V01,C08,tunnel@3192m,Bumper,0.00,-0.01,2.01,59.8,0.05,158,0.0,0.00,9.59,0.13,True,False,0,64.5,39.5,0.000,0,0.001
V01,C08,tunnel@3231m,Cockpit,0.31,0.77,-0.49,63.8,0.03,161,0.0,0.00,9.59,0.14,True,True,0,41.9,29.8,0.070,0,0.000
