seconds,workingSetMB,privateMB
0,15,35
15,531,929
30,523,920
45,524,906
60,524,906
75,524,906
90,552,959
105,539,926
120,538,928
135,539,927
150,538,925
165,540,928
180,552,935
195,552,937
210,552,936
225,551,936
240,551,936
255,563,943
270,547,925
285,547,925
300,547,926
315,546,924
330,567,968
345,552,933
360,551,932
375,551,931
391,551,931
406,551,931
421,558,942
436,558,941
451,558,941
466,557,940
481,558,941
496,581,974
511,563,947
526,563,947
541,563,947
556,563,947
571,576,984
586,554,932
601,554,932
616,553,932
631,554,932
646,554,932
661,558,937
676,557,936
691,557,936
706,557,936
721,557,936
736,579,964
751,562,945
766,562,945
781,561,945
796,562,945
811,577,983
