car,course,where,view,cam_x,cam_y,cam_z,fov,near,road_kmh,driven_m,drift_framing,collision_m,speed_lines,lines_peripheral,cockpit_visible,wheel_deg,luma_mean,luma_sd,dark_fraction,fps
V01,T00,yard,ChaseClose,2.74,1.78,-5.43,58.0,0.08,15,0.0,0.00,6.03,0.00,True,False,0,-1.0,-1.0,-1.000,0
V01,T00,yard,ChaseFar,10.54,2.91,-2.87,58.0,0.08,24,0.0,0.00,10.68,0.00,True,False,0,-1.0,-1.0,-1.000,0
V01,T00,yard,Hood,0.02,0.74,0.81,58.0,0.05,23,0.0,0.00,10.68,0.00,True,False,0,-1.0,-1.0,-1.000,0
V01,T00,yard,Bumper,0.00,-0.01,2.01,58.0,0.05,22,0.0,0.00,10.68,0.00,True,False,0,-1.0,-1.0,-1.000,0
V01,T00,yard,Cockpit,0.33,0.76,-0.50,62.0,0.03,25,0.0,0.00,10.68,0.00,True,True,124,-1.0,-1.0,-1.000,0
V01,C01,race,ChaseClose,-0.35,1.74,-6.85,58.1,0.08,77,49.2,0.00,6.01,0.00,True,False,0,156.2,63.3,0.000,30
V01,C01,race,ChaseFar,0.27,2.93,-12.79,58.7,0.08,110,80.2,0.00,10.80,0.02,True,False,0,155.2,58.1,0.000,30
V01,C01,race,Hood,-0.01,0.74,0.82,59.2,0.05,132,102.5,0.00,10.80,0.07,True,False,0,166.5,53.0,0.000,30
V01,C01,race,Bumper,0.00,-0.01,2.01,59.5,0.05,146,116.8,0.00,10.80,0.10,True,False,0,150.5,62.1,0.000,30
V01,C01,race,Cockpit,0.29,0.78,-0.49,63.6,0.03,149,124.4,0.00,10.80,0.11,True,True,6,82.3,59.5,0.009,30
V04,C05,race,ChaseClose,-0.14,1.79,-6.61,58.1,0.08,81,51.2,0.00,5.75,0.00,True,False,0,66.4,33.0,0.000,30
V04,C05,race,ChaseFar,-0.28,3.14,-12.31,58.8,0.08,114,83.7,0.00,10.32,0.02,True,False,0,61.4,30.6,0.000,30
V04,C05,race,Hood,0.00,0.71,0.29,59.3,0.05,134,106.5,0.00,10.32,0.07,True,False,0,84.0,54.3,0.000,30
V04,C05,race,Bumper,0.00,-0.02,2.00,59.6,0.05,149,119.3,0.00,10.32,0.11,True,False,0,79.1,42.4,0.000,30
V04,C05,race,Cockpit,0.33,0.82,-0.99,64.0,0.03,168,133.6,0.00,10.32,0.15,True,True,-3,57.7,34.7,0.026,30
V11,C08,race,ChaseClose,0.08,1.72,-7.04,58.7,0.08,107,68.1,0.00,5.84,0.01,True,False,0,69.1,30.7,0.000,30
V11,C08,race,ChaseFar,1.30,3.12,-12.89,59.3,0.08,136,106.5,0.00,10.51,0.08,True,False,0,65.7,29.0,0.000,30
V11,C08,race,Hood,0.00,0.75,1.60,59.8,0.05,161,125.8,0.00,10.51,0.13,True,False,0,74.8,34.3,0.000,30
V11,C08,race,Bumper,0.00,0.00,2.26,59.3,0.05,131,128.6,0.00,10.51,0.08,True,False,0,81.3,37.4,0.000,30
V11,C08,race,Cockpit,0.31,0.70,0.35,63.2,0.03,133,105.6,0.00,10.51,0.07,True,True,2,41.6,30.7,0.119,30
V01,C08,tunnel@3079m,ChaseClose,-0.07,1.77,-7.75,59.6,0.08,149,0.0,0.00,6.02,0.11,True,False,0,48.8,30.7,0.000,0
V01,C08,tunnel@3117m,ChaseFar,-0.08,2.72,-12.32,59.6,0.08,152,0.0,0.00,9.60,0.12,True,False,0,48.6,30.2,0.000,0
V01,C08,tunnel@3155m,Hood,0.00,0.74,0.82,59.7,0.05,155,0.0,0.00,9.60,0.12,True,False,0,64.7,47.0,0.000,0
V01,C08,tunnel@3195m,Bumper,0.00,-0.01,2.01,59.8,0.05,158,0.0,0.00,9.60,0.13,True,False,0,64.4,41.2,0.000,0
V01,C08,tunnel@3235m,Cockpit,0.31,0.77,-0.49,63.8,0.03,161,0.0,0.00,9.60,0.14,True,True,0,50.1,39.1,0.054,0
