section,subject,frames,frameMsP50,frameMsP95,frameMsP99,frameMsMax,over16.7ms,over33.3ms,allocBytesPerFrameMean,allocBytesPerFrameP99,framesAllocating,gcCollections,extra
cold-load,C01,2005,1.38,2.39,2.78,25.35,1,0,141,4096,32,1,load 2.38 s; heap steps 131 B/frame
six-racers,C01,14295,1.97,3.21,3.59,4.60,0,0,235,4096,668,1,6 cars; heap steps 235 B/frame
cold-load,C05,1900,1.46,2.51,2.85,8.05,0,0,47,0,1,0,load 3.68 s; heap steps 47 B/frame
six-racers,C05,13811,2.05,3.33,3.75,6.33,0,0,180,4096,585,2,6 cars; heap steps 180 B/frame
cold-load,C09,2002,1.39,2.40,2.72,3.27,0,0,43,0,1,0,load 2.72 s; heap steps 43 B/frame
six-racers,C09,13338,2.13,3.48,3.91,4.96,0,0,172,4096,552,1,6 cars; heap steps 172 B/frame
cold-load,C13,1904,1.47,2.52,2.86,4.21,0,0,47,0,1,0,load 2.54 s; heap steps 47 B/frame
six-racers,C13,13689,2.07,3.34,3.76,6.43,0,0,174,4096,572,2,6 cars; heap steps 174 B/frame
cold-load,C17,1739,1.61,2.74,3.08,3.52,0,0,49,0,1,0,load 2.52 s; heap steps 49 B/frame
six-racers,C17,14398,1.98,3.27,3.73,5.62,0,0,171,4096,595,2,6 cars; heap steps 171 B/frame
cold-load,C21,2145,1.26,2.29,2.55,2.91,0,0,42,0,2,0,load 3.24 s; heap steps 42 B/frame
six-racers,C21,13725,2.04,3.38,3.77,4.63,0,0,178,4096,579,2,6 cars; heap steps 178 B/frame
warm-load,C01,2044,1.31,2.42,2.74,3.51,0,0,42,0,1,0,load 2.14 s; heap steps 42 B/frame
meet,Cedar Lantern Terrace,34749,1.20,2.20,2.58,7.94,0,0,167,4096,891,3,7 characters, 6 cars; heap steps 167 B/frame
