race,course,cameras,drivingCameras,vehicleViews,raceHuds,speedLines,prefListeners,lights,managedMB,meshes,materials,textures,audioClips,gameObjects,terrainData,scriptableObjects,unityAllocatedMB,unityReservedMB,monoHeapMB,gfxDriverMB,physicsBodies,frameMsMean,frameMsP99,raceFinished,playerResets,playerCheckpoints,playerFinishS
1,C01,1,0,0,0,0,0,1,7.0,206,113,126,0,246,1,98,228,822,90,121,0,2.74,4.84,False,6,10,-1.0
2,C08,1,0,0,0,0,0,1,7.5,206,114,126,0,246,1,98,240,824,90,121,0,3.25,6.62,False,6,10,-1.0
3,C12,1,0,0,0,0,0,1,7.6,206,114,126,0,246,1,98,248,824,90,121,0,3.34,5.35,False,6,10,-1.0
4,C03,1,0,0,0,0,0,1,7.4,206,114,126,0,246,1,98,262,824,90,121,0,2.77,4.72,False,6,9,-1.0
5,C01,1,0,0,0,0,0,1,7.4,206,113,126,0,246,1,98,270,824,90,121,0,3.04,5.06,False,6,10,-1.0
6,C08,1,0,0,0,0,0,1,7.6,206,114,126,0,246,1,98,279,824,90,121,0,3.06,4.99,False,6,10,-1.0
7,C12,1,0,0,0,0,0,1,7.7,206,114,126,0,246,1,98,286,824,90,121,0,3.37,5.38,False,6,10,-1.0
8,C03,1,0,0,0,0,0,1,7.4,206,114,126,0,246,1,98,299,824,90,121,0,2.47,4.79,False,6,9,-1.0
9,C01,1,0,0,0,0,0,1,7.4,206,113,126,0,246,1,98,306,824,90,121,0,3.33,7.36,False,6,10,-1.0
10,C08,1,0,0,0,0,0,1,7.5,206,114,126,0,246,1,98,315,824,90,121,0,3.05,5.37,False,6,10,-1.0
11,C12,1,0,0,0,0,0,1,7.7,206,114,126,0,246,1,98,325,826,90,121,0,2.40,4.20,False,6,10,-1.0
12,C03,1,0,0,0,0,0,1,7.6,206,114,126,0,246,1,98,340,826,90,121,0,1.91,3.78,False,6,9,-1.0
